{
  "control two": [
    106.35080739018377,
    64.521260755748,
    219.54060680118016
  ],
  "end point": [
    160.63032130620348,
    177.42752478600735,
    128.65504805533263
  ],
  "control one": [
    16.897599853411073,
    163.5129443829734,
    97.71396431422713
  ],
  "number of points": [
    10
  ],
  "pose 0": [
    0.05091036111116409,
    0.48975178599357605,
    0.29321402311325073,
    80.23087857942387,
    -35.23908824338246,
    -3.8941524505065086E-15
  ],
  "pose 1": [
    8.172001838684082,
    45.43267822265625,
    33.139522552490234,
    67.80321716804188,
    -45.04828615750588,
    4.501779049839609E-15
  ],
  "pose 2": [
    20.831830978393555,
    75.32511138916016,
    66.1159896850586,
    49.27947282389767,
    -51.489325747757654,
    0.0
  ],
  "pose 3": [
    37.092830657958984,
    93.58186340332031,
    96.98023223876953,
    29.760652914491615,
    -51.23658444079417,
    0.0
  ],
  "pose 4": [
    56.068336486816406,
    104.10747528076172,
    123.78307342529297,
    18.06954415520283,
    -44.11807263082416,
    1.107579316796194E-15
  ],
  "pose 5": [
    76.87168884277344,
    110.80648040771484,
    144.57533264160156,
    17.017501999922136,
    -30.329164564336814,
    9.21217805656695E-16
  ],
  "pose 6": [
    98.61622619628906,
    117.58344268798828,
    157.4078369140625,
    25.55769481006101,
    -8.187661558803908,
    -2.0083176128093006E-16
  ],
  "pose 7": [
    120.415283203125,
    128.34291076660156,
    160.33140563964844,
    40.75346609434666,
    16.60240459396308,
    8.297296135344168E-16
  ],
  "pose 8": [
    141.3822021484375,
    146.98941040039062,
    151.39686584472656,
    56.92064612993841,
    31.793490237498546,
    0.0
  ],
  "pose 9": [
    160.61402893066406,
    177.39364624023438,
    128.6822967529297,
    57.68510226851855,
    32.26746180929586,
    3.76145429276868E-15
  ]
}