{
  "control two": [
    106.35080739018377,
    64.521260755748,
    301.15402669720464
  ],
  "end point": [
    160.63032130620348,
    177.42752478600735,
    128.65504805533263
  ],
  "control one": [
    16.897599853411073,
    163.5129443829734,
    97.71396431422713
  ],
  "number of points": [
    10
  ],
  "pose 0": [
    0.05091036111116409,
    0.48975178599357605,
    0.29345861077308655,
    80.23087857942386,
    -37.20557419638189,
    3.993308364299116E-15
  ],
  "pose 1": [
    8.172001838684082,
    45.43267822265625,
    35.82638168334961,
    67.80321716804191,
    -50.22072406957982,
    0.0
  ],
  "pose 2": [
    20.831830978393555,
    75.32511138916016,
    75.52000427246094,
    49.27947282389767,
    -58.13615951090463,
    0.0
  ],
  "pose 3": [
    37.092830657958984,
    93.58186340332031,
    115.11654663085938,
    29.760652914491587,
    -58.78289491195303,
    3.0683610014636717E-15
  ],
  "pose 4": [
    56.068336486816406,
    104.10747528076172,
    150.65167236328125,
    18.06954415520283,
    -52.11226689093036,
    -1.294768990170396E-15
  ],
  "pose 5": [
    76.87168884277344,
    110.80648040771484,
    178.16110229492188,
    17.017501999922143,
    -35.563663084859726,
    0.0
  ],
  "pose 6": [
    98.61622619628906,
    117.58344268798828,
    193.68045043945312,
    25.55769481006101,
    -1.156219967097323,
    -4.9706287404601684E-17
  ],
  "pose 7": [
    120.415283203125,
    128.34291076660156,
    193.24545288085938,
    40.75346609434666,
    34.70455219977463,
    1.934411440499519E-15
  ],
  "pose 8": [
    141.3822021484375,
    146.98941040039062,
    172.8917694091797,
    56.92064612993841,
    50.423222632686596,
    4.992146562368447E-15
  ],
  "pose 9": [
    160.61402893066406,
    177.39364624023438,
    128.706787109375,
    57.68510226851853,
    50.846972733982135,
    0.0
  ]
}