{
  "control two": [
    79.24293657214102,
    -37.63558630987086,
    384.74675741724934
  ],
  "end point": [
    139.33052988442597,
    177.42752478600735,
    353.58992187594527
  ],
  "control one": [
    -118.8406024252597,
    56.33533011475748,
    78.11552016691951
  ],
  "pose 0": [
    -0.3555714786052704,
    0.16855554282665253,
    0.23503154516220093,
    154.20806095936155,
    -45.33350840391234,
    -1.1310989393038675E-14
  ],
  "pose 1": [
    -28.4996337890625,
    13.841641426086426,
    33.72522735595703,
    145.04320658827456,
    -75.51955325389396,
    1.2719695594486034E-14
  ],
  "pose 2": [
    -37.267608642578125,
    20.330066680908203,
    79.71661376953125,
    24.4625856974472,
    -82.33326524248278,
    -2.384030712119164E-14
  ],
  "pose 3": [
    -30.04810905456543,
    23.245851516723633,
    133.31321716308594,
    8.968136369889704,
    -71.24022823405129,
    2.4724387409980517E-15
  ],
  "pose 4": [
    -10.585348129272461,
    26.36957550048828,
    189.85409545898438,
    13.800524310606969,
    -62.650594331438455,
    -3.46152205822458E-15
  ],
  "pose 5": [
    17.376489639282227,
    33.48181915283203,
    244.67832946777344,
    23.794035974293685,
    -53.932438902883305,
    0.0
  ],
  "pose 6": [
    50.09318923950195,
    48.363155364990234,
    293.1249694824219,
    37.28777725406797,
    -41.8958879395929,
    -4.272874588992664E-15
  ],
  "pose 7": [
    83.820556640625,
    74.79415893554688,
    330.5330505371094,
    52.601970053897745,
    -23.7518172733851,
    1.7374408297258556E-15
  ],
  "pose 8": [
    114.81441497802734,
    116.55543518066406,
    352.24169921875,
    67.34484711236023,
    -2.2217513463656466,
    -3.9786842436023694E-16
  ],
  "pose 9": [
    139.3125,
    177.36297607421875,
    353.5992736816406,
    68.05652659610026,
    -1.18632998797265,
    -9.9413642950794E-17
  ]
}