{
  "control two": [
    205.48104858512644,
    223.79414189089744,
    384.74675741724934
  ],
  "end point": [
    139.33052988442597,
    177.42752478600735,
    353.58992187594527
  ],
  "control one": [
    299.812080489036,
    -128.47044597393426,
    506.18380961982274
  ],
  "pose 0": [
    0.8982542157173157,
    -0.3839700222015381,
    1.5166693925857544,
    -17.589635186506403,
    -58.36713911341909,
    0.0
  ],
  "pose 1": [
    85.91878509521484,
    -26.22474479675293,
    146.46749877929688,
    0.894484767575861,
    -60.32588124569587,
    0.0
  ],
  "pose 2": [
    146.11770629882812,
    -24.07706642150879,
    252.35321044921875,
    29.959253447572763,
    -58.2838280706121,
    3.024998521880568E-15
  ],
  "pose 3": [
    184.07266235351562,
    -0.7945515513420105,
    323.5657958984375,
    61.402328183933605,
    -46.26188477524423,
    4.600410713170427E-15
  ],
  "pose 4": [
    203.2595672607422,
    36.38521957397461,
    366.01385498046875,
    84.06150409750548,
    -25.046745842765816,
    0.0
  ],
  "pose 5": [
    207.1543731689453,
    80.22467041015625,
    385.60614013671875,
    99.7022561189418,
    -4.281441083863441,
    -3.986819097235292E-16
  ],
  "pose 6": [
    199.23294067382812,
    123.48619842529297,
    388.251220703125,
    113.86351624592331,
    11.506914185947139,
    8.114482621645729E-16
  ],
  "pose 7": [
    182.97122192382812,
    158.93223571777344,
    379.8577880859375,
    134.483631707795,
    24.183224119960204,
    -3.486532416962841E-15
  ],
  "pose 8": [
    161.84510803222656,
    179.32521057128906,
    366.33447265625,
    -178.5930841185664,
    29.893975142205484,
    4.924049672121195E-14
  ],
  "pose 9": [
    139.35037231445312,
    177.44142150878906,
    353.5992736816406,
    -175.2130174195998,
    29.430235879297324,
    1.620487552013639E-14
  ]
}