{
  "control two": [
    106.35080739018377,
    64.521260755748,
    384.74675741724934
  ],
  "end point": [
    213.80168045540148,
    177.42752478600735,
    128.65504805533263
  ],
  "control one": [
    5.946593583568074,
    221.1688231805245,
    97.71396431422713
  ],
  "number of points": [
    10
  ],
  "pose 0": [
    0.018123067915439606,
    0.6623736619949341,
    0.2937091290950775,
    85.31008383186602,
    -31.612795840849365,
    3.7347554481367216E-15
  ],
  "pose 1": [
    5.36072301864624,
    60.617767333984375,
    38.578407287597656,
    73.74750946913579,
    -48.83176588475344,
    4.831670932675481E-15
  ],
  "pose 2": [
    16.998876571655273,
    98.57727813720703,
    85.15209197998047,
    51.53852037845258,
    -60.749097967752014,
    -6.509060603101676E-15
  ],
  "pose 3": [
    34.19502639770508,
    119.20670318603516,
    133.6927032470703,
    22.550512506930822,
    -62.23728522068682,
    0.0
  ],
  "pose 4": [
    56.229740142822266,
    127.83417510986328,
    178.1719207763672,
    4.663758081563796,
    -53.39934403435173,
    6.668007712516463E-16
  ],
  "pose 5": [
    82.38359069824219,
    129.787841796875,
    212.56141662597656,
    0.9869202798435736,
    -33.230456019347805,
    5.941155177963243E-17
  ],
  "pose 6": [
    111.93714904785156,
    130.39585876464844,
    230.83279418945312,
    7.488889153129662,
    4.547421524370819,
    0.0
  ],
  "pose 7": [
    144.17095947265625,
    134.98638916015625,
    226.957763671875,
    21.247945844753744,
    39.753364585025736,
    0.0
  ],
  "pose 8": [
    178.36563110351562,
    148.88755798339844,
    194.90794372558594,
    37.98423018288657,
    55.089811088021044,
    0.0
  ],
  "pose 9": [
    213.76943969726562,
    177.39364624023438,
    128.7318878173828,
    38.83997836328963,
    55.516454569051554,
    0.0
  ]
}