{
  "control two": [
    106.35080739018377,
    64.521260755748,
    384.74675741724934
  ],
  "end point": [
    166.14686545742387,
    177.42752478600735,
    128.65504805533263
  ],
  "control one": [
    5.946593583568074,
    221.1688231805245,
    97.71396431422713
  ],
  "number of points": [
    10
  ],
  "pose 0": [
    0.018123019486665726,
    0.6623736619949341,
    0.2937091290950775,
    85.35939813892614,
    -31.614592278474266,
    -3.7348275269532934E-15
  ],
  "pose 1": [
    5.295352935791016,
    60.617767333984375,
    38.578407287597656,
    74.32654909562787,
    -48.913832220545046,
    0.0
  ],
  "pose 2": [
    16.475914001464844,
    98.57727813720703,
    85.15209197998047,
    53.55326440287688,
    -61.402535795709525,
    6.6448025675319395E-15
  ],
  "pose 3": [
    32.430030822753906,
    119.20670318603516,
    133.6927032470703,
    24.953326389773704,
    -64.42812799067629,
    3.684242474850059E-15
  ],
  "pose 4": [
    52.046051025390625,
    127.83417510986328,
    178.1719207763672,
    5.482365142664317,
    -57.7050643140326,
    7.441249806685491E-16
  ],
  "pose 5": [
    74.21232604980469,
    129.787841796875,
    212.56141662597656,
    1.2313284265597133,
    -39.261277232606886,
    0.0
  ],
  "pose 6": [
    97.81719207763672,
    130.39585876464844,
    230.83279418945312,
    9.998915462128478,
    6.048215147720529,
    0.0
  ],
  "pose 7": [
    121.74900817871094,
    134.9863739013672,
    226.957763671875,
    29.74016435313181,
    48.70739590994324,
    0.0
  ],
  "pose 8": [
    144.8961181640625,
    148.88755798339844,
    194.90794372558594,
    52.275744662220035,
    61.497538586080026,
    6.665083651649385E-15
  ],
  "pose 9": [
    166.12892150878906,
    177.39364624023438,
    128.7318878173828,
    53.31936029829567,
    61.758688235027016,
    0.0
  ]
}