{
  "control two": [
    106.35080739018377,
    64.521260755748,
    301.15402669720464
  ],
  "end point": [
    160.63032130620348,
    177.42752478600735,
    128.65504805533263
  ],
  "control one": [
    16.897599853411073,
    170.35970753991126,
    97.71396431422713
  ],
  "number of points": [
    10
  ],
  "pose 0": [
    0.05091036111116409,
    0.5102510452270508,
    0.29345861077308655,
    80.59907309725429,
    -36.16094963220469,
    0.0
  ],
  "pose 1": [
    8.172001838684082,
    47.23594284057617,
    35.82638168334961,
    68.43822520285188,
    -49.44126511183307,
    4.891451206456256E-15
  ],
  "pose 2": [
    20.831830978393555,
    78.08636474609375,
    75.52000427246094,
    49.744602335779426,
    -57.89137055447773,
    0.0
  ],
  "pose 3": [
    37.092830657958984,
    96.62487030029297,
    115.11654663085938,
    29.288380837730312,
    -58.901324616762714,
    3.0788686837481153E-15
  ],
  "pose 4": [
    56.068336486816406,
    106.92507934570312,
    150.65167236328125,
    16.680761097138816,
    -52.32269690152743,
    -1.3009179146881142E-15
  ],
  "pose 5": [
    76.87168884277344,
    113.06056213378906,
    178.16110229492188,
    15.242333924323361,
    -35.806913395147056,
    0.0
  ],
  "pose 6": [
    98.61622619628906,
    119.10494232177734,
    193.68045043945312,
    23.960378614842966,
    -1.1711790446869792,
    9.941310204222023E-17
  ],
  "pose 7": [
    120.415283203125,
    129.1318359375,
    193.24545288085938,
    39.838811429686565,
    35.06841457411791,
    1.94299607004546E-15
  ],
  "pose 8": [
    141.3822021484375,
    147.21482849121094,
    172.8917694091797,
    56.70103695926063,
    50.58800088302195,
    0.0
  ],
  "pose 9": [
    160.61402893066406,
    177.39364624023438,
    128.706787109375,
    57.49216875832365,
    50.99567962763192,
    0.0
  ]
}