{
  "control two": [
    106.35080739018377,
    64.521260755748,
    384.74675741724934
  ],
  "end point": [
    213.80168045540148,
    177.42752478600735,
    128.65504805533263
  ],
  "control one": [
    16.897599853411073,
    221.1688231805245,
    97.71396431422713
  ],
  "number of points": [
    10
  ],
  "pose 0": [
    0.05091041326522827,
    0.6623736619949341,
    0.2937091290950775,
    82.6029936241458,
    -31.484980348433155,
    -3.7296436152952546E-15
  ],
  "pose 1": [
    8.244938850402832,
    60.617767333984375,
    38.57841110229492,
    71.61306412701266,
    -48.501645067779954,
    0.0
  ],
  "pose 2": [
    21.41533088684082,
    98.57727813720703,
    85.15209197998047,
    50.730436035997,
    -60.470626897076535,
    0.0
  ],
  "pose 3": [
    39.06214141845703,
    119.20670318603516,
    133.69271850585938,
    22.860072945037494,
    -62.54113789835556,
    0.0
  ],
  "pose 4": [
    60.736328125,
    127.83417510986328,
    178.17193603515625,
    4.827115514959928,
    -54.33653045169865,
    -1.363819650358217E-15
  ],
  "pose 5": [
    85.9888687133789,
    129.787841796875,
    212.56141662597656,
    1.0276881831666456,
    -34.30184609401702,
    -6.015901444749048E-17
  ],
  "pose 6": [
    114.3707046508789,
    130.39585876464844,
    230.83277893066406,
    7.771120677422755,
    4.716980151157091,
    -9.97301137278262E-17
  ],
  "pose 7": [
    145.43280029296875,
    134.9863739013672,
    226.95774841308594,
    21.784344281975663,
    40.42364023560622,
    2.0889771172437634E-15
  ],
  "pose 8": [
    178.7261505126953,
    148.88755798339844,
    194.90794372558594,
    38.2974316201644,
    55.276779221198936,
    0.0
  ],
  "pose 9": [
    213.7694549560547,
    177.3936767578125,
    128.7318572998047,
    39.126770793568305,
    55.68163449511715,
    0.0
  ]
}