{
  "control two": [
    106.35080739018377,
    64.521260755748,
    384.74675741724934
  ],
  "end point": [
    166.14686545742387,
    177.42752478600735,
    128.65504805533263
  ],
  "control one": [
    -131.33307376538548,
    221.1688231805245,
    97.71396431422713
  ],
  "pose 0": [
    -0.3928927183151245,
    0.6623737215995789,
    0.2937091290950775,
    117.37826503020918,
    -28.740568475319982,
    -3.6274329462252044E-15
  ],
  "pose 1": [
    -30.860607147216797,
    60.617767333984375,
    38.578407287597656,
    103.05612821797574,
    -49.2456551937194,
    0.0
  ],
  "pose 2": [
    -38.887901306152344,
    98.57727813720703,
    85.15209197998047,
    65.92112572454988,
    -64.34372986194232,
    0.0
  ],
  "pose 3": [
    -28.58315086364746,
    119.20670318603516,
    133.69271850585938,
    21.010203563324346,
    -60.61785888839565,
    6.482564413604692E-15
  ],
  "pose 4": [
    -4.447638034820557,
    127.83417510986328,
    178.1719207763672,
    3.657822865034276,
    -46.573617363388976,
    -2.8917414307708475E-16
  ],
  "pose 5": [
    29.017383575439453,
    129.787841796875,
    212.5614013671875,
    0.7598738609750342,
    -26.767880114989627,
    -2.783043646005434E-17
  ],
  "pose 6": [
    67.31060791015625,
    130.39585876464844,
    230.83277893066406,
    6.219698061633705,
    3.7825086351502506,
    2.4902329337980047E-17
  ],
  "pose 7": [
    105.93077850341797,
    134.98638916015625,
    226.95774841308594,
    20.870099180750298,
    39.271659898849556,
    3.081322127905596E-15
  ],
  "pose 8": [
    140.37661743164062,
    148.88755798339844,
    194.907958984375,
    46.37171949083858,
    59.31620137669873,
    6.232718364532517E-15
  ],
  "pose 9": [
    166.12892150878906,
    177.39366149902344,
    128.73187255859375,
    47.90546340869852,
    59.86441247888455,
    -6.335160510867623E-15
  ]
}