{
  "control two": [
    106.35080739018377,
    64.521260755748,
    384.74675741724934
  ],
  "end point": [
    139.33052988442597,
    177.42752478600735,
    353.58992187594527
  ],
  "control one": [
    -118.8406024252597,
    56.33533011475748,
    78.11552016691951
  ],
  "pose 0": [
    -0.35549023747444153,
    0.16886170208454132,
    0.23503156006336212,
    148.81721781381253,
    -44.67961860736346,
    -4.473041673760151E-15
  ],
  "pose 1": [
    -27.607194900512695,
    17.204830169677734,
    33.72522735595703,
    116.45669410188134,
    -69.8297057951939,
    -2.76721103870782E-14
  ],
  "pose 2": [
    -34.144065856933594,
    32.101226806640625,
    79.71660614013672,
    55.77623321057148,
    -72.56306658532662,
    -2.1228050508669748E-14
  ],
  "pose 3": [
    -24.024137496948242,
    45.9473762512207,
    133.31321716308594,
    32.60761924021615,
    -65.3161170317281,
    -7.616061087930804E-15
  ],
  "pose 4": [
    -1.6609517335891724,
    60.00145721435547,
    189.85409545898438,
    27.229321890367547,
    -58.55044613073821,
    3.0479817733579103E-15
  ],
  "pose 5": [
    28.531984329223633,
    75.52167510986328,
    244.67831420898438,
    28.284817378188578,
    -52.06137590573199,
    2.5865864983738034E-15
  ],
  "pose 6": [
    62.14113235473633,
    93.76619720458984,
    293.1249694824219,
    33.83545668801577,
    -43.97985778773334,
    -4.41999106599474E-15
  ],
  "pose 7": [
    94.75296020507812,
    115.99322509765625,
    330.5330810546875,
    44.53408207080396,
    -30.307224737708275,
    0.0
  ],
  "pose 8": [
    121.95392608642578,
    143.4609375,
    352.24169921875,
    61.81262046556109,
    -3.772638844568448,
    -1.9921636884404689E-16
  ],
  "pose 9": [
    139.3206329345703,
    177.39364624023438,
    353.5992736816406,
    62.89670499258808,
    -2.039695326930355,
    3.978213915121858E-16
  ]
}