{
  "control two": [
    106.35080739018377,
    -98.09097068049776,
    219.54060680118016
  ],
  "end point": [
    160.63032130620348,
    177.42752478600735,
    128.65504805533263
  ],
  "control one": [
    16.897599853411073,
    163.5129443829734,
    97.71396431422713
  ],
  "number of points": [
    10
  ],
  "pose 0": [
    0.05091036111116409,
    0.48926445841789246,
    0.29321402311325073,
    79.0911703515669,
    -38.235145938218935,
    0.0
  ],
  "pose 1": [
    8.172000885009766,
    40.07918930053711,
    33.139522552490234,
    54.4429432713563,
    -57.033735729714174,
    0.0
  ],
  "pose 2": [
    20.831830978393555,
    56.58790588378906,
    66.1159896850586,
    4.930455090008276,
    -62.47845975333914,
    -1.7207737653595788E-15
  ],
  "pose 3": [
    37.09282684326172,
    57.4458122253418,
    96.98023223876953,
    -19.65098815985407,
    -53.49218765823315,
    2.673038773594949E-15
  ],
  "pose 4": [
    56.068336486816406,
    50.57257843017578,
    123.78307342529297,
    -18.513437787986305,
    -44.04474462955437,
    2.2124148170981104E-15
  ],
  "pose 5": [
    76.87168884277344,
    43.88786315917969,
    144.57533264160156,
    2.0226697089866827,
    -31.443404409948705,
    1.1649962013637723E-16
  ],
  "pose 6": [
    98.61621856689453,
    45.311336517333984,
    157.4078369140625,
    36.921689932222,
    -7.26622656178002,
    4.0078799565239745E-16
  ],
  "pose 7": [
    120.41527557373047,
    62.76266098022461,
    160.33140563964844,
    62.23029970842202,
    10.391629065816419,
    -8.083981508453253E-16
  ],
  "pose 8": [
    141.3822021484375,
    104.1614990234375,
    151.39686584472656,
    74.83194673772378,
    16.54978901301574,
    -1.659005684934962E-15
  ],
  "pose 9": [
    160.61402893066406,
    177.34483337402344,
    128.6822967529297,
    75.27616841163064,
    16.70906276626246,
    0.0
  ]
}