{
  "bezier": {
    "control two": [
      83.58043976935603,
      -135.59606881441778,
      166.05871666316682
    ],
    "end point": [
      267.1288436997548,
      -4.488170342804011,
      109.35713988881886
    ],
    "control one": [
      50.0,
      192.04829921474388,
      -12.960317268458581
    ],
    "number of points": [
      10.0
    ]
  }
}