{
  "control two": [
    106.35080739018377,
    64.521260755748,
    384.74675741724934
  ],
  "end point": [
    213.80168045540148,
    177.42752478600735,
    128.65504805533263
  ],
  "control one": [
    -29.158589001441293,
    221.1688231805245,
    97.71396431422713
  ],
  "number of points": [
    10
  ],
  "pose 0": [
    -0.08698195964097977,
    0.6623737215995789,
    0.2937091290950775,
    94.06968425270144,
    -31.63400851886535,
    3.735606980495095E-15
  ],
  "pose 1": [
    -3.8850862979888916,
    60.617767333984375,
    38.57841110229492,
    80.8836280005279,
    -49.627164397818966,
    4.910091218989401E-15
  ],
  "pose 2": [
    2.8412282466888428,
    98.57727813720703,
    85.15209197998047,
    54.2551829481145,
    -61.61709383304895,
    6.690809008701262E-15
  ],
  "pose 3": [
    18.59272003173828,
    119.20670318603516,
    133.69271850585938,
    21.60969791775097,
    -61.27030467638753,
    0.0
  ],
  "pose 4": [
    41.78315734863281,
    127.83416748046875,
    178.17193603515625,
    4.207195179111705,
    -50.54197412943927,
    3.1279413679496103E-16
  ],
  "pose 5": [
    70.82633209228516,
    129.787841796875,
    212.56141662597656,
    0.8755758855754436,
    -30.166617862664854,
    2.874047066482831E-17
  ],
  "pose 6": [
    104.135986328125,
    130.39585876464844,
    230.83277893066406,
    6.707362972092895,
    4.0768158337667995,
    0.0
  ],
  "pose 7": [
    140.1259307861328,
    134.98638916015625,
    226.95774841308594,
    19.68702734766551,
    37.711584470239565,
    -2.0102105855692056E-15
  ],
  "pose 8": [
    177.2098846435547,
    148.88754272460938,
    194.90794372558594,
    37.008996121335045,
    54.4909539483198,
    0.0
  ],
  "pose 9": [
    213.7694549560547,
    177.39366149902344,
    128.73184204101562,
    37.94414850884395,
    54.98694750976829,
    -5.543324519359302E-15
  ]
}