{
  "control two": [
    -57.44298640936509,
    332.5621832987876,
    384.74675741724934
  ],
  "end point": [
    139.33052988442597,
    200.0,
    353.58992187594527
  ],
  "control one": [
    85.91227912477581,
    -128.47044597393426,
    300.0
  ],
  "pose 10": [
    40.683982849121094,
    195.84869384765625,
    349.59405517578125,
    55.99579633303513,
    -17.02556633039582,
    8.315834820301974E-16
  ],
  "pose 11": [
    54.085086822509766,
    215.089111328125,
    356.6754455566406,
    24.96737432349784,
    -7.853349493585659,
    2.0066671206842873E-16
  ],
  "pose 0": [
    0.2570496201515198,
    -0.3836440145969391,
    0.8993543982505798,
    -48.427596468968055,
    -70.71809979262602,
    0.0
  ],
  "pose 1": [
    20.927101135253906,
    -22.612937927246094,
    92.16393280029297,
    47.50182514178378,
    -80.1762844528192,
    -1.864144831862678E-14
  ],
  "pose 2": [
    29.557809829711914,
    -11.296412467956543,
    169.20089721679688,
    87.92676633996385,
    -61.362554196647274,
    -2.6545238568656253E-14
  ],
  "pose 3": [
    30.57851791381836,
    24.21214485168457,
    231.92852783203125,
    92.20191121130148,
    -45.172425807743664,
    0.0
  ],
  "pose 14": [
    139.27151489257812,
    200.0397491455078,
    353.5992736816406,
    -27.977350979253107,
    6.593450581658793,
    -2.0010820377206056E-16
  ],
  "pose 4": [
    28.67561149597168,
    74.17530822753906,
    281.1645812988281,
    90.39415539511639,
    -34.170702421339485,
    0.0
  ],
  "pose 5": [
    28.535484313964844,
    128.8556365966797,
    317.7267150878906,
    83.36893231056648,
    -26.559619045897882,
    -3.555799692784977E-15
  ],
  "pose 12": [
    74.16319274902344,
    223.91909790039062,
    359.55706787109375,
    -7.562130594543276,
    1.9932300963822704,
    4.972625408284675E-17
  ],
  "pose 6": [
    34.84452438354492,
    178.5157012939453,
    342.4326171875,
    65.03101891070362,
    -19.69347701014527,
    0.0
  ],
  "pose 13": [
    102.163330078125,
    219.751708984375,
    358.4561462402344,
    -27.501987791302994,
    6.51891313717118,
    -4.00156574099495E-16
  ],
  "pose 7": [
    52.28911590576172,
    213.41806030273438,
    356.1000061035156,
    20.27226957180136,
    -6.508638058500834,
    -4.001483804968379E-16
  ],
  "pose 8": [
    85.55567169189453,
    223.82530212402344,
    359.5465393066406,
    -22.516040345230852,
    5.529417036924424,
    1.9971396510038725E-16
  ],
  "pose 9": [
    139.27151489257812,
    200.0397491455078,
    353.5992736816406,
    -23.88392103862612,
    5.780711479127781,
    -3.996014392220114E-16
  ]
}