{
  "control two": [
    106.35080739018377,
    64.521260755748,
    384.74675741724934
  ],
  "end point": [
    213.80168045540148,
    177.42752478600735,
    128.65504805533263
  ],
  "control one": [
    16.897599853411073,
    170.35970753991126,
    97.71396431422713
  ],
  "number of points": [
    10
  ],
  "pose 0": [
    0.05091040953993797,
    0.5102510452270508,
    0.2937091290950775,
    80.52981599306412,
    -38.05020146408572,
    4.038948226683164E-15
  ],
  "pose 1": [
    8.244938850402832,
    47.23594665527344,
    38.57841110229492,
    67.69603279583905,
    -53.67355829541945,
    -5.369066446070268E-15
  ],
  "pose 2": [
    21.41533088684082,
    78.08636474609375,
    85.15209197998047,
    47.49360168841082,
    -62.047350105841005,
    -6.785303158690327E-15
  ],
  "pose 3": [
    39.06214141845703,
    96.62487030029297,
    133.69271850585938,
    26.221858036641798,
    -61.90805885448256,
    3.3771894982147522E-15
  ],
  "pose 4": [
    60.736328125,
    106.9250717163086,
    178.17193603515625,
    13.913165904475902,
    -53.62187597071773,
    0.0
  ],
  "pose 5": [
    85.98886108398438,
    113.06056213378906,
    212.56141662597656,
    11.839621581626158,
    -33.734787609404044,
    -4.780677787600015E-16
  ],
  "pose 6": [
    114.3707046508789,
    119.10494995117188,
    230.83277893066406,
    17.403431146161257,
    4.543514235551431,
    0.0
  ],
  "pose 7": [
    145.43280029296875,
    129.1318359375,
    226.95774841308594,
    27.86603596980364,
    39.03923642586951,
    -2.0474404564383982E-15
  ],
  "pose 8": [
    178.7261505126953,
    147.21482849121094,
    194.90794372558594,
    40.10377138612723,
    54.583894992008794,
    -5.4883491219493174E-15
  ],
  "pose 9": [
    213.76943969726562,
    177.39364624023438,
    128.7318572998047,
    40.734596466582744,
    55.05226593324436,
    0.0
  ]
}