{
  "control two": [
    106.35080739018377,
    64.521260755748,
    301.15402669720464
  ],
  "end point": [
    160.63032130620348,
    177.42752478600735,
    128.65504805533263
  ],
  "control one": [
    16.897599853411073,
    238.58237418124526,
    97.71396431422713
  ],
  "number of points": [
    10
  ],
  "pose 0": [
    0.050910357385873795,
    0.7145098447799683,
    0.29345861077308655,
    83.17092527416177,
    -28.014367159103703,
    0.0
  ],
  "pose 1": [
    8.172000885009766,
    65.20404815673828,
    35.82638168334961,
    73.26614043242371,
    -42.4715226170777,
    4.311955660532488E-15
  ],
  "pose 2": [
    20.831830978393555,
    105.60002899169922,
    75.52000427246094,
    53.93110572359254,
    -55.443747685594204,
    0.0
  ],
  "pose 3": [
    37.09282684326172,
    126.94605255126953,
    115.11654663085938,
    24.343548103947445,
    -59.99621675232301,
    0.0
  ],
  "pose 4": [
    56.068336486816406,
    135.000244140625,
    150.65167236328125,
    1.973920947689151,
    -53.491260413596116,
    0.0
  ],
  "pose 5": [
    76.8716812133789,
    135.52069091796875,
    178.16110229492188,
    -3.5523219089308498,
    -36.73294198439489,
    0.0
  ],
  "pose 6": [
    98.61621856689453,
    134.26553344726562,
    193.68045043945312,
    6.135111708484159,
    -1.274246868617422,
    1.2427114878312025E-17
  ],
  "pose 7": [
    120.41527557373047,
    136.9928741455078,
    193.24545288085938,
    29.286316534191123,
    38.56801472155841,
    4.067888846929428E-15
  ],
  "pose 8": [
    141.3822021484375,
    149.46083068847656,
    172.8917694091797,
    54.3645385124547,
    52.24783237658227,
    5.1948865055376175E-15
  ],
  "pose 9": [
    160.61402893066406,
    177.39364624023438,
    128.706787109375,
    55.45247287360832,
    52.49275821116271,
    0.0
  ]
}