{
  "bezier": {
    "start point": [
      36.19599025351117,
      0.0,
      5.754849778761809
    ],
    "control two": [
      272.91025060537646,
      -58.00561307736891,
      12.946146685374913
    ],
    "end point": [
      250.09363904217847,
      23.138821136112846,
      156.79688145113775
    ],
    "control one": [
      99.51918130971188,
      192.04829921474388,
      124.4342960368206
    ],
    "number of points": [
      10.0
    ]
  }
}