{
  "control two": [
    106.35080739018377,
    64.521260755748,
    301.15402669720464
  ],
  "end point": [
    213.80168045540148,
    177.42752478600735,
    128.65504805533263
  ],
  "control one": [
    16.897599853411073,
    170.35970753991126,
    97.71396431422713
  ],
  "number of points": [
    10
  ],
  "pose 0": [
    0.05091040953993797,
    0.5102510452270508,
    0.29345858097076416,
    80.52981599306415,
    -36.15546592882294,
    0.0
  ],
  "pose 1": [
    8.244938850402832,
    47.23594665527344,
    35.826385498046875,
    67.69603279583899,
    -49.293569673367884,
    4.876778931939142E-15
  ],
  "pose 2": [
    21.41533088684082,
    78.08636474609375,
    75.52000427246094,
    47.493601688410806,
    -56.99167374665121,
    5.838441507834555E-15
  ],
  "pose 3": [
    39.06214141845703,
    96.62487030029297,
    115.11654663085938,
    26.22185803664179,
    -56.26266199935128,
    0.0
  ],
  "pose 4": [
    60.736328125,
    106.9250717163086,
    150.6516876220703,
    13.913165904475905,
    -47.32757430650376,
    0.0
  ],
  "pose 5": [
    85.98886108398438,
    113.06056213378906,
    178.16110229492188,
    11.839621581626165,
    -29.379364586284648,
    -4.562470091241024E-16
  ],
  "pose 6": [
    114.3707046508789,
    119.10494995117188,
    193.6804656982422,
    17.403431146161264,
    -0.8626341259104613,
    -4.970179992602769E-17
  ],
  "pose 7": [
    145.43280029296875,
    129.1318359375,
    193.24545288085938,
    27.866035969803637,
    27.120310992681567,
    0.0
  ],
  "pose 8": [
    178.7261505126953,
    147.21482849121094,
    172.89175415039062,
    40.103771386127235,
    43.163910209719766,
    0.0
  ],
  "pose 9": [
    213.76943969726562,
    177.39364624023438,
    128.70680236816406,
    40.734596466582765,
    43.6937015326787,
    2.1994226398383506E-15
  ]
}