{
  "control two": [
    106.35080739018377,
    64.521260755748,
    384.74675741724934
  ],
  "end point": [
    197.4463599095567,
    177.42752478600735,
    128.65504805533263
  ],
  "control one": [
    5.946593583568074,
    221.1688231805245,
    97.71396431422713
  ],
  "number of points": [
    10
  ],
  "pose 0": [
    0.018123051151633263,
    0.6623736619949341,
    0.2937091290950775,
    85.32700785950964,
    -31.613419144400314,
    3.7347804563353146E-15
  ],
  "pose 1": [
    5.338287830352783,
    60.617767333984375,
    38.57841110229492,
    73.94586228509804,
    -48.860235830640306,
    0.0
  ],
  "pose 2": [
    16.819393157958984,
    98.57727813720703,
    85.15209197998047,
    52.217771352597644,
    -60.97578973046989,
    -6.555423298773866E-15
  ],
  "pose 3": [
    33.58927536010742,
    119.20670318603516,
    133.69271850585938,
    23.324243144895753,
    -62.98415521984427,
    -3.500986808756694E-15
  ],
  "pose 4": [
    54.79388427734375,
    127.83417510986328,
    178.17193603515625,
    4.915710498474081,
    -54.82770392686924,
    0.0
  ],
  "pose 5": [
    79.57918548583984,
    129.787841796875,
    212.5614013671875,
    1.05906863003058,
    -35.10837800788379,
    6.074838634362584E-17
  ],
  "pose 6": [
    107.09112548828125,
    130.39585876464844,
    230.83277893066406,
    8.195983985325727,
    4.971868129727103,
    0.0
  ],
  "pose 7": [
    136.4756622314453,
    134.9863739013672,
    226.95774841308594,
    23.59140150766472,
    42.56946999085304,
    -4.3187203746258165E-15
  ],
  "pose 8": [
    166.87875366210938,
    148.88755798339844,
    194.90792846679688,
    42.10242838726042,
    57.355897316283205,
    1.1792518017116799E-14
  ],
  "pose 9": [
    197.41903686523438,
    177.39366149902344,
    128.7318572998047,
    43.02691000299612,
    57.735834308709265,
    0.0
  ]
}