{
  "control two": [
    0.0,
    50.0,
    -50.0
  ],
  "end point": [
    100.0,
    209.12360480828193,
    100.0
  ],
  "control one": [
    50.0,
    -50.0,
    50.0
  ],
  "number of points": [
    10
  ],
  "pose 0": [
    0.14970025420188904,
    -0.14955009520053864,
    0.1495504230260849,
    -40.790846737889375,
    -33.92639868660925,
    1.916562021854423E-15
  ],
  "pose 1": [
    13.305899620056152,
    -11.235771179199219,
    11.659808158874512,
    -9.512500627375418,
    -26.51782696676369,
    4.443130751512592E-16
  ],
  "pose 2": [
    21.26200294494629,
    -12.108383178710938,
    15.500686645507812,
    60.10523468163102,
    3.3760207510310347,
    -3.982604918869041E-16
  ],
  "pose 3": [
    25.92592430114746,
    -3.3657917976379395,
    14.814814567565918,
    78.72886827558575,
    6.389852319773588,
    0.0
  ],
  "pose 4": [
    29.355281829833984,
    14.244050025939941,
    12.894375801086426,
    80.71016601298605,
    0.15606426469275173,
    -1.2424087813322433E-17
  ],
  "pose 5": [
    33.60768508911133,
    39.97319030761719,
    13.031550407409668,
    78.06453074051599,
    -8.686890491149574,
    0.0
  ],
  "pose 6": [
    40.74074172973633,
    73.07366180419922,
    18.518518447875977,
    73.38835454925511,
    -18.286337403236306,
    6.699428319493958E-15
  ],
  "pose 7": [
    52.812068939208984,
    112.79751586914062,
    32.6474609375,
    67.63360686513535,
    -27.35782909868864,
    -1.7905426186840144E-15
  ],
  "pose 8": [
    71.8792953491211,
    158.39683532714844,
    58.71056365966797,
    61.336533255247495,
    -35.086460664737736,
    3.886851719288735E-15
  ],
  "pose 9": [
    99.97000122070312,
    209.07586669921875,
    99.95500183105469,
    61.00098586572104,
    -35.44341716346844,
    -3.9040127572876655E-15
  ]
}